CREATE DATABASE  IF NOT EXISTS `eldenring` /*!40100 DEFAULT CHARACTER SET utf8mb4 COLLATE utf8mb4_general_ci */ /*!80016 DEFAULT ENCRYPTION='N' */;
USE `eldenring`;
-- MySQL dump 10.13  Distrib 8.0.40, for Win64 (x86_64)
--
-- Host: localhost    Database: eldenring
-- ------------------------------------------------------
-- Server version	8.0.39

/*!40101 SET @OLD_CHARACTER_SET_CLIENT=@@CHARACTER_SET_CLIENT */;
/*!40101 SET @OLD_CHARACTER_SET_RESULTS=@@CHARACTER_SET_RESULTS */;
/*!40101 SET @OLD_COLLATION_CONNECTION=@@COLLATION_CONNECTION */;
/*!50503 SET NAMES utf8 */;
/*!40103 SET @OLD_TIME_ZONE=@@TIME_ZONE */;
/*!40103 SET TIME_ZONE='+00:00' */;
/*!40014 SET @OLD_UNIQUE_CHECKS=@@UNIQUE_CHECKS, UNIQUE_CHECKS=0 */;
/*!40014 SET @OLD_FOREIGN_KEY_CHECKS=@@FOREIGN_KEY_CHECKS, FOREIGN_KEY_CHECKS=0 */;
/*!40101 SET @OLD_SQL_MODE=@@SQL_MODE, SQL_MODE='NO_AUTO_VALUE_ON_ZERO' */;
/*!40111 SET @OLD_SQL_NOTES=@@SQL_NOTES, SQL_NOTES=0 */;

--
-- Table structure for table `armi`
--

DROP TABLE IF EXISTS `armi`;
/*!40101 SET @saved_cs_client     = @@character_set_client */;
/*!50503 SET character_set_client = utf8mb4 */;
CREATE TABLE `armi` (
  `id_arma` int NOT NULL AUTO_INCREMENT,
  `nome` text CHARACTER SET utf8mb4 COLLATE utf8mb4_general_ci NOT NULL,
  `descrizione` text CHARACTER SET utf8mb4 COLLATE utf8mb4_general_ci NOT NULL,
  `immagine` text CHARACTER SET utf8mb4 COLLATE utf8mb4_general_ci NOT NULL,
  `id_categoria` varchar(50) CHARACTER SET utf8mb4 COLLATE utf8mb4_general_ci NOT NULL,
  `peso` decimal(3,1) NOT NULL,
  `ottenimento` text CHARACTER SET utf8mb4 COLLATE utf8mb4_general_ci NOT NULL,
  PRIMARY KEY (`id_arma`),
  KEY `id_categoria` (`id_categoria`),
  CONSTRAINT `armi_ibfk_1` FOREIGN KEY (`id_categoria`) REFERENCES `categorie` (`id_categoria`) ON UPDATE CASCADE
) ENGINE=InnoDB AUTO_INCREMENT=51 DEFAULT CHARSET=utf8mb4 COLLATE=utf8mb4_general_ci;
/*!40101 SET character_set_client = @saved_cs_client */;

--
-- Dumping data for table `armi`
--

LOCK TABLES `armi` WRITE;
/*!40000 ALTER TABLE `armi` DISABLE KEYS */;
INSERT INTO `armi` VALUES (1,'Fire Knight\'s Shortsword','Shortsword used by the Fire Knights. A slender blade that undulates like fire. Blessed with a flame incantation. Further flame imbuement will amplify the effect and greatly increase the armament\'s power.','https://eldenring.wiki.fextralife.com/file/Elden-Ring/fire_knights_shortsword_elden_ring_shadow_of_the_erdtree_dlc_wiki_guide_200px.png','DAG',2.0,'- Has a 4.0% chance to drop by Fire Knights wielding this weapon in Shadow Keep.\r\n- Can be farmed by dropping down and killing the Fire Knight below the Storehouse, Loft site of Grace and the Fire Knight just east of the Storehouse, Seventh Floor site of grace.'),(2,'Main-gauche','Dagger with a large hand guard.\r\n\r\nIntended to be used in the left hand, thereby complementing a piercing sword or identical blade held in the right to enable a distinctive style of fighting.','https://eldenring.wiki.fextralife.com/file/Elden-Ring/main-gauche_dagger_elden_ring_shadow_of_the_erdtree_dlc_wiki_guide_200px.png','DAG',2.0,'Shadow Keep: From the Main Gate Plaza site of grace go west and up the stairs until the soldier ambushes you, then enter that room and on the right there is another doorway. The item is in there protected by two soldiers and a blacksteel knight.'),(3,'Dagger','A standard dagger with a straight blade.\r\n\r\nThough modest in reach and capacity for harm, this weapon is light enough to jab in rapid succession and delivers devastating critical hits. ','https://eldenring.wiki.fextralife.com/file/Elden-Ring/dagger_dagger_weapon_elden_ring_wiki_guide_200px.png','DAG',1.5,'- Can be purchased from Twin Maiden Husks at the Roundtable Hold for 400 Runes.\r\n- Can be dropped by Highwaymen and different types of Foot Soldiers.\r\nMultiple soldiers can be encountered early in the game at the camp east of Warmaster\'s Shack.\r\n- Has a 4.00% chance to drop from Messmer Foot Soldier'),(4,'Parrying Dagger','A knife with curved handguards. Designed to parry, turning foes\' attacks against them. \r\n\r\nFor master of combat who anticipate every enemy strike and counter accordingly, this weapon is all they need.','https://eldenring.wiki.fextralife.com/file/Elden-Ring/parrying_dagger_dagger_weapon_elden_ring_wiki_guide_200px.png','DAG',1.5,'Sold by Patches at Murkwater Cave for 1600 Runes after he sets up shop.\r\nCan be purchased from Twin Maiden Husks at the Roundtable Hold after giving them Patches\' Bell Bearing.'),(5,'Miséricorde','Dagger favored by military physicians in white. \r\nThe pointed blade is hard and sharp, making critical hits especially potent. \r\n\r\nMedicine is mercy. and mercy upon the battlefield is ruthless. Beware the killers clothed as men of compassion.','https://eldenring.wiki.fextralife.com/file/Elden-Ring/misericorde_dagger_weapon_elden_ring_wiki_guide_200px.png','DAG',2.0,'- Location: Stormveil Castle.\r\n- Can be looted off a corpse that can be found in the large armory room, next to the fortress of the Grafted Scion.\r\n- You will need to use the Stonesword Key on the imp statue to dispel the white fog that\'s blocking the doorway.'),(6,'Great Knife','Large knife with a broad, curved blade.\r\n\r\nThis weapon is designed to slash and rend, inflicting blood loss upon the recipient. ','https://eldenring.wiki.fextralife.com/file/Elden-Ring/great_knife_dagger_weapon_elden_ring_wiki_guide_200px.png','DAG',1.5,'- Starting equipment for the Bandit class.\r\n- Rare drop from Demi-Humans wielding this weapon.\r\n- Craftman\'s Shack: four Demi-Humans hiding in a flock of sheep north of the Site of Grace.\r\n- Lakeside Crystal Cave: one Demi-Human hiding in a bush at the start of the dungeon.\r\n- Volcano Cave: Can be farmed from two Demi-Humans just outside of the cave '),(7,'Bloodstained Dagger','Dagger with a bloodstained blade.\r\nAfflicts targets with blood loss.\r\n\r\nAs blood darkened the dagger through repeated slashing and stabbing, its blade only grew sharper and harder.','https://eldenring.wiki.fextralife.com/file/Elden-Ring/bloodstained_dagger_dagger_weapon_elden_ring_wiki_guide_200px.png','DAG',2.0,'- Rare drop from Demi-Human Chiefs\r\n- There is a Demi-Human Chief sleeping before the wooden bridge leading to the Minor Erdtree in the weeping peninsula.\r\n- There are 2 of them close to each other in the Hermit Village. A quick way to farm is going to Primeval Sorcerer Azur grace, hugging the wall while going south and there will be one of them isolated. Kill that one and there is one immediately to the side away from the wall.\r\n- Shadow of the Erdtree - Cerulean Coast: One can be found in a cave near this Scadutree Fragment. The other one can be found protecting this Field Boss.'),(8,'Erdsteel Dagger','An erdsteel dagger with a grass crest engraved upon its blade. Carried by the Erdtree royalty for self-defense in times of peace. \r\n\r\nThough forged to a high standard, the weapon is difficult to wield. \r\nAttack power also scales with faith. ','https://eldenring.wiki.fextralife.com/file/Elden-Ring/erdsteel_dagger_dagger_weapon_elden_ring_wiki_guide_200px.png','DAG',2.0,'- Given by Kenneth Haight as a reward for clearing out Fort Haight.\r\n- Found NW of the Avenue Balcony site of Leyndell, Royal Capital. Drop down a pit with a Broken Statue and it will be on a corpse.'),(9,'Wakizashi','Short sword with a tempering pattern on the blade. A weapon unique to warriors of the Land of Reeds. Afflicts targets with blood loss.\r\n\r\nThese swords are considered auxiliary weapons. Yet, one man is known to wield this weapon in his left hand while using a full-sized katana in his right. A demonic swordsman known only as Okina.','https://eldenring.wiki.fextralife.com/file/Elden-Ring/wakizashi_dagger_weapon_elden_ring_wiki_guide_200px.png','DAG',3.0,'- Inside Gaol Cave, found inside one of the locked cells. The player must unlock the cells first.'),(10,'Celebrant\'s Sickle','Sickle decorated with flowers and many-coloured fabrics. Ceremonial tool used by dancers during the festivities of Dominula. Its attacks can slip through an enemy\'s guard.\r\n\r\nCrafted from human bone.\r\n\r\nGrants trace amounts of runes on landing attacks.','https://eldenring.wiki.fextralife.com/file/Elden-Ring/celebrants-sickle_dagger_weapon_elden_ring_wiki_guide_200px.png','DAG',1.5,'- Rare drop from the Celebrants wielding it at the Windmill Village.\r\n- These enemies are easily recognizable by their blue coats. Two are found in the large group midway between the Windmill Village and Windmill Heights Sites of Grace. These enemies are passive until provoked, and in addition to the weapon have a chance to drop Human Bone Shards and Golden Runes [3], so farming them can be both easy and lucrative. This group also contains two Celebrants who can drop Celebrant\'s Rib-Rake.'),(11,'Ivory Sickle','Sickle fashioned from ivory. \r\nWeapon carried by aged Albunaurics.\r\n\r\nThese weapons are evidence of their dedication to the Haligtree, despite never having entered its presence. ','https://eldenring.wiki.fextralife.com/file/Elden-Ring/ivory_sickle_dagger_weapon_elden_ring_wiki_guide_200px.png','DAG',2.0,'Can be found at the Village of the Albinaurics. It is up a small hill past the grace in a stone coffin.'),(12,'Crystal Knife','A knife made by sharpening hard crystal.\r\nSignature weapon of glintstone miners. \r\n\r\nUsed as a tool to extract glintstone from broken rock, and as such a faint magic enwreathes the blade.','https://eldenring.wiki.fextralife.com/file/Elden-Ring/crystal_knife_dagger_weapon_elden_ring_wiki_guide_200px.png','DAG',2.0,'Found in a chest inside the Raya Lucaria Crystal Tunnel, in a storage area three levels down, guarded by Marionettes.'),(13,'Scorpion\'s Stinger','Dagger fashioned from a great scorpion\'s tail, glistening with scarlet rot.\r\n\r\nA ceremonial tool used by heretics, crafted from the relic of a sealed outer god.','https://eldenring.wiki.fextralife.com/file/Elden-Ring/scorpions_stinger_dagger_weapon_elden_ring_wiki_guide_200px.png','DAG',2.5,'Found in the Lake of Rot. Cross the swamp and go through the entrance with large statues on either side to reach the Grand Cloister Site of Grace. Use the ledges to drop down to the bottom, and head straight ahead (westward) and you\'ll find the dagger in a chest.'),(14,'Cinquedea','Short sword given to high ranking clergymen of Farum Azula.\r\nRaises potency of bestial incantations.\r\n\r\nThe design celebrates a beast\'s five fingers, symbolic of the intelligence once granted upon their kind.','https://eldenring.wiki.fextralife.com/file/Elden-Ring/cinquedea_dagger_weapon_elden_ring_wiki_guide_200px.png','DAG',3.5,'- Location: Cinquedea can be found at the bottom of the exterior structure of the Bestial Sanctum, near a broken rat corpse statue.\r\n- To reach this spot, go to the west cliff outside the sanctum and travel down a series of roots and platforms. Jump down to the outlying branch and continue downward using the ledges and pillars. You can use Rainbow Stones to figure out where to fall from next.'),(15,'Glintstone Kris','Ritual blade once presented to Leyndell by the Academy of Raya Lucaria to celebrate their newfound peace.\r\n\r\nThough the weapon is embedded with precious glintstones and features Erdtree ornamentation, the undulating blade is symbolic of an ancient ritual.','https://eldenring.wiki.fextralife.com/file/Elden-Ring/glintstone_kris_dagger_weapon_elden_ring_wiki_guide_200px.png','DAG',1.5,'Rewarded to players for progressing through the Sorceress Sellen questline and siding with her.'),(16,'Reduvia','Jagged dagger with a distinctive curled blade.\r\nCarried by the noble servants of the Lord of Blood.\r\n\r\nThis dagger rips the flesh as it enters, inflicting blood loss with sickening efficacy. A proud testament to the success of its vicious design, this weapon is perpetually coated in blood.','https://eldenring.wiki.fextralife.com/file/Elden-Ring/reduvia_dagger_weapon_elden_ring_wiki_guide_200px.png','DAG',2.5,'Dropped by Bloody Finger Nerijus.'),(17,'Blade of Calling','Dagger given to one who set out on a journey to fulfill her duty long ago.\r\nThe power of its former owner, the kindling maiden, is still apparent.\r\n\r\nThe one who walks alongside flame,\r\nShall one day meet the road of Destined Death.','https://eldenring.wiki.fextralife.com/file/Elden-Ring/blade_of_calling_dagger_weapon_elden_ring_wiki_guide_200px.png','DAG',1.5,'From the Forbidden Lands site of grace, turn back and head towards the elevator. Face west-southwest, then activate the elevator and watch for an opening to jump off into. The Blade of Calling is on the table in the room at the end of this hall.'),(18,'Black Knife','Dagger once belonging to one of the assassins who murdered Godwyn the Golden on the Night of the Black Knives. \r\n\r\nA ritual performed on the oddly misshapen blade imbued it with the power of the stolen Rune of Death. ','https://eldenring.wiki.fextralife.com/file/Elden-Ring/black_knife_dagger_weapon_elden_ring_wiki_guide_200px.png','DAG',2.0,'This is a drop from defeating the Black Knife Assassin at the entrance of Sainted Hero\'s Grave, in Altus Plateau. This boss is directly west of the Rampartside Path site.'),(19,'Velvet Sword of St. Trina','Silver sword of St. Trina, now stained the color of velvet. Inflicts eternal sleep. When St. Trina was abandoned, the faint, light-purple mists coalesced into an intoxicating deep-purple cloud.','https://eldenring.wiki.fextralife.com/file/Elden-Ring/velvet_sword_of_st_trina_elden_ring_shadow_of_the_erdtree_dlc_wiki_guide_200px.png','SPD',2.5,'Stone Coffin Fissure: From the Fissure Cross site of grace, walk immediately north-west to the closest giant coffin that\'s tilted nearly vertical. Climb down to a ledge that passes underneath the brick platform nearest the site of grace. The sword is in a small cave network there and guarded by several putrescent oozes.'),(20,'Stone-Sheathed Sword','A sword that none can pull from its scabbard of cracked stone. Relic of a lost civilization from a time long past, said to have served a ritual purpose at altars of light and darkness.','https://eldenring.wiki.fextralife.com/file/Elden-Ring/stone-sheathed_sword_elden_ring_shadow_of_the_erdtree_dlc_wiki_guide_200px.png','SPD',5.0,'- Can be acquired at one of the 3 Altar locations:\r\n- Fog Rift Catacombs (on top of the 3 trap platforms and run to the furthest right corner)\r\n- Ruins of Unte (behind the inactive Furnace Golem, to the right from the chest that holds Giant Golden Arc)\r\n- Ancient Ruins of Rauh (on a tower connected by an invisible bridge beyond a large room of Kindred of Rot).\r\n- The first of the three altars you interact with will grant you the Stone-Sheathed Sword. Once the sword is obtained, interacting with the other two altars will transform it into either Sword of Darkness or Sword of Light.\r\n- After first transforming it to the Sword of Darkness or Light, interacting with the other altar will transform it to the other. This can be repeated indefinitely. The Sword\'s upgrade levels are retained when you transform it; i.e. transforming a Stone-Sheathed Sword +9 will get you a Sword of Light/Darkness +9.\r\n- The altar with the highest elevation (Rauh > Unte > Catacombs) will transform the sword into the Sword of Light. The altar with the lower elevation will transform it into the Sword of Darkness.\r\n- The Stone-Sheathed Sword will be permanently lost if it is converted into the Sword of Darkness or Sword of Light. The only way to acquire another example of the weapon is via NG+.'),(21,'Sword of Light','Sword of light, pulled from its stone scabbard at an altar. From the quick of the root, unswerving rays of light intersect and reflect to give the silver blade form.','https://eldenring.wiki.fextralife.com/file/Elden-Ring/sword_of_light_elden_ring_shadow_of_the_erdtree_dlc_wiki_guide_200px.png','SPD',4.0,'- Obtained by acquiring the Stone-Sheathed Sword or Sword of Darkness (see below):\r\n- You can get Stone-Sheathed Sword at one of the 3 Altar locations: Fog Rift Catacombs (on top of the 3 trap platforms and run to the furthest right corner), Ruins of Unte (flowery courtyard), or Ancient Ruins of Rauh (on a tower connected by invisible floor). Once acquired, the altar from which the sword is acquired will become inert, and the sword can then be transformed into the Sword of Darkness or Sword of Light at one of the 2 other Altars.\r\n- It is recommended to acquire the Stone-Sheathed Sword from the Fog Rift Catacombs, as the labyrinthine nature of the dungeon makes it ill-suited for repeated visits should players wish to change the Sword to either its light or dark variants.'),(22,'Sword of Darkness','Sword of darkness, pulled from its stone scabbard at an altar. From the quick of the root, wandering coils of darkness coalesce and release, their eddies and vortices giving form to the dark blade.','https://eldenring.wiki.fextralife.com/file/Elden-Ring/sword_of_darkness_elden_ring_shadow_of_the_erdtree_dlc_wiki_guide_200px.png','SPD',4.0,'- Obtained by raising Stone-Sheathed Sword or Sword of Light (see below):\r\n- You can get Stone-Sheathed Sword at one of the 3 Altar locations: Fog Rift Catacombs (on top of the 3 trap platforms and run to the furthest right corner), Ruins of Unte (flowery courtyard), or Ancient Ruins of Rauh (on a tower connected by invisible floor). Once acquired, the altar from which the sword is acquired will become inert, and the sword can then be transformed into the Sword of Darkness or Sword of Light at one of the 2 other Altars.\r\n- It is recommended to acquire the Stone-Sheathed Sword from the Fog Rift Catacombs, as the labyrinthine nature of the dungeon makes it ill-suited for repeated visits should players wish to change the Sword to either its light or dark variants.'),(23,'Short Sword','A short straight sword with a short blade. \r\nIn addition to its reliable standard damage, this weapon also boasts powerful piercing attacks. \r\n\r\nLightweight amongst straight swords, this weapon is easy to wield, requiring only humble attributes. ','https://eldenring.wiki.fextralife.com/file/Elden-Ring/short_sword_straight_sword_weapon_elden_ring_wiki_guide_200px.png','SPD',3.0,'- Starting Equipment for the Astrologer Class.\r\n- Can be purchased from the Nomadic Merchant in North Limgrave for 600 Runes.\r\n- Dropped by Highwaymen in Murkwater Cave.\r\n- Has a 4.00% chance to drop from Messmer Foot Soldier'),(24,'Longsword','A straight sword with a double-edged blade.\r\nIn addition to its easily-inflicted standard damage, this well-balanced weapon can also perform powerful piercing attacks.','https://eldenring.wiki.fextralife.com/file/Elden-Ring/longsword_straight_sword_weapon_elden_ring_wiki_guide_200px.png','SPD',3.5,'Starting equipment for the Vagabond class.\r\nCan be purchased from Twin Maiden Husks at the Roundtable Hold for 1,000 Runes.'),(25,'Broadsword','A straight sword with a wide blade, suited to slashing attacks.\r\n\r\nHorizontal swings boast wide attack range, making it easier to connect with foes. ','https://eldenring.wiki.fextralife.com/file/Elden-Ring/broadsword_straight_sword_weapon_elden_ring_wiki_guide_200px.png','SPD',4.0,'Starting Equipment for the Confessor Class\r\nCan be bought from the Nomadic Merchant for 1800 Runes. He is located south-east of Coastal Cave.'),(26,'Weathered Straight Sword','Straight sword with a rather short but wide blade.\r\n\r\nSimple to wield, it was known as the sword of the people.\r\nThough the Erdtree styling is still visible, time has not been kind\r\nto this sword, now merely a shadow of its former self.','https://eldenring.wiki.fextralife.com/file/Elden-Ring/weathered_straight_sword_straight_sword_weapon_elden_ring_wiki_guide_200px.png','SPD',3.0,'Dropped from Commoner enemies in any area.\r\nCan be farmed very early on in the Ailing Village in the Weeping Peninsula.\r\nNear the Secluded Cell grace in Stormveil castle, there is a room full of 10 commoners above the Living Jars that all carry the weapon. Run West from the Secluded Cell site of grace and up the ramp towards the Living Jars. Turn around and hug the wall on the left across the wooden balcony until you reach the end. Jump across to the golden ledge and follow that through a window on the opposite wall. Follow this path around and up until you find a storage room with the 10 sleeping commoners.\r\nA convenient farming spot to get both the armor set and weapon. Takes around 20-30 seconds to navigate to the room although you won\'t have to worry about enemies on the way. The room can be cleared quickly (~15-20 seconds if you can one-shot them) as they are all near each other. Teleport back to the Secluded Cell grace and repeat.'),(27,'Lordsworn\'s Straight Sword','Well-crafted straight sword with an illustrious design, wielded by regulars of a lord\'s army.\r\n\r\nThough blackened and damaged by years of use, it appears to have otherwise been kept in a servicable condition, despite the soldiers having long since lost their minds.','https://eldenring.wiki.fextralife.com/file/Elden-Ring/lordsworns_straight_sword_straight_sword_weapon_elden_ring_wiki_guide_200px.png','SPD',3.5,'May be dropped by Godrick Soldier in Gatefront Ruins.\r\nCan be dropped by the headless, undead Soldier at Fourth Church of Marika.\r\nThe earliest and easiest grinding spot for this is the Gatefront Ruins, not just for this sword, but all of the weapons that the soldiers use excluding their spear.'),(28,'Noble\'s Slender Sword','Narrow blade carried by wandering nobles.\r\nMade to be easy to wield.\r\n\r\nDaubed with gold from tip to tail, it should fetch a good sum.','https://eldenring.wiki.fextralife.com/file/Elden-Ring/nobles_slender_sword_straight_sword_weapon_elden_ring_wiki_guide_200px.png','SPD',3.5,'Dropped by Wandering Nobles around Limgrave.\r\nCan be farmed from the group of Wandering Nobles among the Troll-pulled Carriage\'s caravan to the west of Waypoint Ruins, north of Agheel Lake South Site of Grace.\r\nDropped by Wandering Nobles in Raya Lucaria Academy.\r\nCan be farmed from the large group of nobles that appear to the north of the Debate Parlor Site of Grace in Raya Lucaria Academy. Leave the boss room and go up the stairs into a large courtyard. To the left there are two nobles picking weeds, and many more up the stairs near them, in front of two Glintstone Sorcerers. Each Wandering Noble has a chance to drop the sword.\r\nDropped by Wandering Nobles in Caelid, in the graveyard directly south of the Caelid Highway South Site of Grace.\r\nGo to the Church of Pilgrimage site of grace and move down the road leading to the church. There\'s a noble with this sword among the other nobles that can be farmed.\r\nDropped by nobles just east across the bridge from the Bridge of Iniquity site of grace.'),(29,'Cane Sword','Beloved sword of an aged knight whose last quest was long behind\r\nhim, repurposed into a walking stick. The tip is rather worn.\r\n\r\nThough bent of back and without the brawn required even to\r\nraise the sword aloft, still he wished to meet his end with weapon\r\nin hand.','https://eldenring.wiki.fextralife.com/file/Elden-Ring/cane_sword_straight_sword_weapon_elden_ring_wiki_guide_200px.png','SPD',2.5,'Leyndell, Royal Capital, West Capital Rampart Site of Grace: Go south out of the room with the site of grace and down the flight of stairs to the floor underneath, make a complete U-turn in the room with the stairs to find a corpse with the sword.\r\nThe item can still be acquired in Leyndell, Ashen Capital. From the Leyndell, Capital of Ash Site of Grace, head west towards the dragon corpse\'s wing. Behind the wing, climb inside the broken wall, climb the ladder and keep going until you meet the same flight of stairs. Make a U-turn in the room down the stairs and the sword can be looted from the corpse at the end of the room.'),(30,'Warhawk\'s Talon','Talon-swords are affixed to the legs of the Stormveil\'s warhawks, but this one has been repurposed for human use.\r\n\r\nThe blade is thin and lightweight so as not to obstruct the hawk\'s mobility.','https://eldenring.wiki.fextralife.com/file/Elden-Ring/warhawks_talon_straight_sword_weapon_elden_ring_wiki_guide_200px.png','SPD',3.0,'Can be found in Stormveil Castle as drop by defeating Warhawks. There are four immediately out the door from the Rampart Tower site of grace.'),(31,'Lazuli Glintstone Sword','A sword with a glintstone in its handguards. Wielded by scholars of the Lazuli Conspectus who seek to master Carian sorcery. Deals magic damage.\r\n\r\nApparently once used as a staff of sorcery, this sword is made of wood.','https://eldenring.wiki.fextralife.com/file/Elden-Ring/lazuli_glintstone_sword_straight_sword_weapon_elden_ring_wiki_guide_200px.png','SPD',3.5,'Chance to drop from the Lazuli Sorcerers found in most areas of Raya Lucaria Academy or Caria Manor.\r\nA good place to farm is directly south of the Schoolhouse Classroom Site of Grace. He is very close to the grace.'),(32,'Carian Knight\'s Sword','Straight sword embedded with a blue glintstone. \r\nWeapon of knights sworn to Carian royalty.\r\n\r\nThese knights\' swords could serve as catalysts, letting them wield sorcerous battle skills. Despite numbering fewer than twenty, this power made them a match for even the champions of gold in battle.','https://eldenring.wiki.fextralife.com/file/Elden-Ring/carian_knights_sword_straight_sword_weapon_elden_ring_wiki_guide_200px.png','SPD',4.0,'Found in a chest in the back of a Carriage being pulled by two Trolls. Go to the Foot of the Four Belfries site of grace and ride north to encounter the Trolls.'),(33,'Crystal Sword','Sword fashioned from pure crystal; a deed impossible for a human. Enwreathed with powerful magic, its attack scales with intelligence. The inscrutable Crystalians have but one clear purpose; to safeguard their crystals unto the end. One theory posits that they yearn for the return of their creator who will carve for them new brethren. ','https://eldenring.wiki.fextralife.com/file/Elden-Ring/crystal_sword_straight_sword_weapon_elden_ring_wiki_guide_200px.png','SPD',4.5,'Can be found at Village of the Albinaurics. Past the well and across the wooden bridge, on a body near the edge.'),(34,'Rotten Crystal Sword','Sword fashioned from pure crystal; a deed impossible for a human.\r\nIt festers with scarlet rot.\r\n\r\nEnwreathed with powerful magic, its attack scales with intelligence.','https://eldenring.wiki.fextralife.com/file/Elden-Ring/rotten_crystal_sword_elden_ring_wiki_guide_200px.png','SPD',4.5,'Elphael, Brace of the Haligtree: Found in a chest by the inner wall guarded by 3 Lesser Crystallians. From the Elphael Inner Wall site of grace, head down the steps and jump up on the rubble to your left. You can engage the Lesser Crystallians one by one by luring them over the rubble and into the hallway.'),(35,'Miquellan Knight\'s Sword','Sword forged by servants of Miquella of the Haligtree, with a design modeled after those carried by Carian knights. Instead of glintstone however, amber from the Haligtree is embedded in the blade.\r\nA sumptuous piece, yet it has never been offered to any knight — an ill-starred sword with no master. Skill: Sacred Blade','https://eldenring.wiki.fextralife.com/file/Elden-Ring/miquellan_knights_sword_elden_ring_wiki_guide_200px.png','SPD',3.5,'Elphael, Brace of the Haligtree: Found atop a bell tower. From the Prayer Room site of grace, walk forward into the Haligtree. Not far from the Prayer Room, you will see a Haligtree Soldier sitting down. Before the soldier is a ledge to the right you can walk out on, attached to a tower. Walk on this connector all the way to the tower. Drop down on the tower\'s ledge, and walk this outer rim to the opposite side. There will be a ladder that takes you up to the sword.\r\nAlternatively, if you\'ve already unlocked the Haligtree Roots site of grace, simply take the elevator in the adjacent room with the Scarlet Aeonia bloom (not the one in Malenia\'s boss room). After the elevator stops, get out, walk around the tower and find the ladder. It will take you up to the sword.'),(36,'Ornamental Straight Sword','Slender straight sword patterned after an antique ornament.\r\nSuperior swordsmen prefer to wield one in each hand.\r\n\r\nAfter falling from grace, the dregs of the golden lineage sought power and purpose in the past.','https://eldenring.wiki.fextralife.com/file/Elden-Ring/ornamental_straight_sword_straight_sword_weapon_elden_ring_wiki_guide_200px.png','SPD',3.0,'Dropped by the Grafted Scion at the Chapel of Anticipation. Players can return to this area after tutorial by using the waygate at The Four Belfries. '),(37,'Golden Epitaph','A sword made to commemorate the death of Godwyn the Golden, first of the demigods to die.\r\n\r\nInfused with the humble prayer of a young boy; \"O brother, lord brother, please die a true death.\"','https://eldenring.wiki.fextralife.com/file/Elden-Ring/golden_epitaph_straight_sword_weapon_elden_ring_wiki_guide_200px.png','SPD',3.5,'Auriza Hero\'s Grave: Found on a corpse in a room locked behind an Imp Statue Seal just past the Site of Grace near the entrance. Use a Stonesword Key to unlock the seal and beware the Basilisk guarding the treasure.'),(38,'Sword of St Trina','Silver sword carried by clerics of St. Trina. Inflicts sleep ailment upon foes.\r\nSt. Trina is an enigmatic figure. Some say she is a comely young girl, others are sure he is a boy. The only certainty is that their appearance was as sudden as their disappearance.','https://eldenring.wiki.fextralife.com/file/Elden-Ring/sword_of_st_trina_straight_sword_weapon_elden_ring_wiki_guide_200px.png','SPD',3.0,'In the Forsaken Ruins, near the Rotview Balcony Site of Grace, behind an Imp Seal requiring one Stonesword Key.\r\nThis weapon is very easy to get at a very low-level as a sorcerer. With just 18 int, rock sling, and ideally the meteorite staff, you can stand on the balcony near the site of grace and attack the crows. The first hit will knock them to the ground, and then you can just fling rocks at them until they die and they will be completely unable to attack you since they can\'t reach you. Once you\'ve killed the two that matter, you can go down the cliff on the left and get to the area very easily and safely.'),(39,'Regalia of Eochaid','Treasured sword of Eochaid, a lesser, long-vanished domain. The copper coloration is not to be confused for rust, but is a conduit for its wielder to move it by their will alone. \r\n\r\nSwords of Eochaid dance through the skies','https://eldenring.wiki.fextralife.com/file/Elden-Ring/regalia_of_eochaid_straight_sword_weapon_elden_ring_wiki_guide_200px.png','SPD',5.5,'Going through the Gaol Cave and reaching the end of the dungeon.\r\nAn alternative route would be to start at the Third Church of Marika and face Southeast. Ride your horse until the cliff meets the water. The cliffside here should have a more red hue to it than the rest of the rock found in Limgrave. If you’re facing the wall due East you’ll notice a cragged vertical line where one part of the cliff face is protruding from another. Double jump on Torrent while following that line and you should now be riding up the cliff face. Now turn your camera to face Northeast, you’ll notice what appears to be an arrowhead of grey stone forming a flat surface among the red-hued cliff. Jump there, then turn the camera South. While it doesn’t look feasible, sprint jump with torrent towards the protrusion across the before mentioned cragged vertical line. When you land, quickly double jump (facing East) to get on top of the ledge. You’ll notice above you several steps in the cliff face just slightly to the right- climb those. Then, jump due North onto the final platform. You will now be above the cliff and able to drop down to the weapon.'),(40,'Coded Sword','Hidden sword once granted to the Tarnished of the Roundtable\r\nby the Two Fingers. A formless cipher comprises its blade, which\r\ndeals holy damage no shield can repel. Champions would gather\r\nat the Roundtable Hold in days long past, when the Two Fingers\r\nwere masters of oration, their flesh yet full of vigor.','https://eldenring.wiki.fextralife.com/file/Elden-Ring/coded_sword_straight_sword_weapon_elden_ring_wiki_guide_200px.png','SPD',2.5,'Found in upstairs throne room of Fortified Manor, Leyndell Royal Capital. From Fortified Manor, 1st Floor site of grace, head outside the building, turn right, climb the stable roofs to the right and re-enter the second floor of the Fortified Manor. Head towards the Round Table room, and the Coded Sword is on the throne of the Throne Room southwest of the Round Table. \r\nThis weapon must be acquired before defeating Maliketh, the Black Blade, as it is not accessible in Leyndell, Ashen Capital.'),(41,'Sword of Night and Flame','Storied sword and treasure of Caria Manor.\r\nOne of the legendary armaments.\r\n\r\nAstrologers, who preceded the sorcerers, established themselves in mountaintops that nearly touched the sky, and considered the Fire Giants their neighbors.','https://eldenring.wiki.fextralife.com/file/Elden-Ring/sword_of_night_and_flame_straight_sword_weapon_elden_ring_wiki_guide_200px.png','SPD',4.0,'The Sword of Night and Flame weapon can be found in Caria Manor in a locked room behind the gardens in the east side of the manor.\r\n\r\nBegin at the Manor Lower Level site of grace and proceed east across the rooftops, being wary of any spirit soldiers that may appear. From the first intersection, head north and continue down the pathway until the next junction is reached.\r\nAt this next junction, face north and continue for a few steps.\r\nLooking down over the edge of the walkway (around halfway through to the next junction), you should see a platform containing a ladder. This is your goal -- see image below. You can jump from the walkway down onto the upper roof, then down again to reach the platform where the ladder is.\r\nOnce you\'ve descended the ladder, there will be a chest containing the sword next to a chair near the center of the room.'),(42,'Lizard Greatsword','A peculiar weapon carried by imps.\r\nGreatsword smithed in the shape of a fork-tongued lizard.\r\n\r\nStrong attacks allow the wielder to fire the forked tongue from the blade.','https://eldenring.wiki.fextralife.com/file/Elden-Ring/lizard_greatsword_elden_ring_shadow_of_the_erdtree_dlc_wiki_guide_200px.png','SPD_GR',9.5,'Dropped by the imps in the Scorpion River Catacombs. \r\nDropped by the imps in the Fog Rift Catacombs (can be farmed from first fought imp).'),(43,'Greatsword of Damnation','Golden greatsword that once pierced the body of Midra, master of the manse. Used by the hornsent in the execution of a damnation like no other.\r\n\r\nThe barbs that pierce the victim from within wind gently around the blade.','https://eldenring.wiki.fextralife.com/file/Elden-Ring/greatsword_of_damnation_greatsword_elden_ring_shadow_of_the_erdtree_dlc_wiki_guide_200px.png','SPD_GR',8.0,'Trade Midra, Lord Of Frenzied Flame\'s Remembrance with Enia at Roundtable Hold.'),(44,'Greatsword of Solitude','Steel greatsword wielded by the Knights of the Solitary Gaol. Through a secret rite, they relinquished their hearts for heightened battle prowess. Next, they engraved their blades with two crests: one depicting the light of birth, and the other, solitude.','https://eldenring.wiki.fextralife.com/file/Elden-Ring/greatsword_of_solitude_elden_ring_shadow_of_the_erdtree_dlc_wiki_guide_200px.png','SPD_GR',15.5,'This item is obtained after defeating the Blackgaol Knight. This boss is located inside the Western Nameless Mausoleum.'),(45,'Bastard Sword','A large sword with a straight blade.\r\nThis heavy sword is normally wielded with two hands, but those with sufficient strength can wield it in one alone.\r\nThe hefty blade can be swung into multiple foes at once thanks to the broad, sweeping attack, making fending off crowds all the easier.','https://eldenring.wiki.fextralife.com/file/Elden-Ring/bastard_sword_weapon_elden_ring_wiki_guide_200px.png','SPD_GR',9.0,'Purchased from the Nomadic Merchant at the Castle Morne Rampart Site of Grace, on the eastern side of Weeping Peninsula, for 3.000 Runes.'),(46,'Claymore','A large sword with a long, straight blade. This heavy sword is usually wielded with two hands, but for those with enough strength, one is sufficient.\r\n\r\nIn addition to the heavy sweeping attacks, it can also make a heavy piercing thrust making this a versatile weapon.','https://eldenring.wiki.fextralife.com/file/Elden-Ring/claymore_weapon_elden_ring_wiki_guide_200px.png','SPD_GR',9.0,'Castle Morne: From the main courtyard entrance, hug the right wall and go past the burning corpses with Misbegotten surrounding them. You may aggro one or two along the way. This path leads to the entrance to the building in the north. The sword can be found in a chest to the left just as you enter this building.'),(47,'Iron Greatsword','Greatsword with a blade of unusually thick steel.\r\nA coarse weapon to which polishing is a foreign concept.\r\n\r\nWeighty even among others of its class, the impact of each strike is sure to be felt.','https://eldenring.wiki.fextralife.com/file/Elden-Ring/iron_greatsword_greatswords_elden_ring_wiki_guide_200px.png','SPD_GR',12.0,'Possible drop from the two Misbegotten Warriors in Leyndell, Royal Capital, in the ash-covered path leading toward the Forbidden Lands. Closest site of grace is the Avenue Balcony in Leyndell. They disappear after progressing past Crumbling Farum Azula. The one near the perfumers can be lured away from the other enemies with ranged attacks.\r\nThe Misbegotten Warrior in Miquella\'s Haligtree, north of the Haligtree Town Plaza Site of Grace. This is the most ideal farming spot as there is a nearby grace and the enemy can be lured toward you with a ranged attack.'),(48,'Lordsworn\'s Greatsword','Well-crafted straight sword with an illustrious design, wielded by regulars of a lord\'s army.\r\n\r\nThrough blackened and damaged by years of use, it appears to have otherwise been kept in a serviceable condition, despite the soldiers having long since lost their minds','https://eldenring.wiki.fextralife.com/file/Elden-Ring/lordsworns_greatsword_weapon_elden_ring_wiki_guide_200px.png','SPD_GR',9.0,'The Lordsworn\'s Greatsword can be looted from a chest in the back of a Carriage, located along the western road leading out of Gatefront Ruins.'),(49,'Knight\'s Greatsword','Greatsword bestowed upon skilled swordsmen in the demigods\' service, and yet had no rank or title.\r\n\r\nFeaturing a long grip enabling a dual-handed use, this weapon was designed to dispatch larger foes. Being charged with such a duty was undoubtedly a great honor.','https://eldenring.wiki.fextralife.com/file/Elden-Ring/knights_greatsword_weapon_elden_ring_wiki_guide_200px.png','SPD_GR',10.0,'Dropped by most enemies in the knight archetype such as:\r\nGodrick Knights (throughout Limgrave)\r\nCuckoo Knights (throughout Liurnia of the Lakes)\r\nMausoleum Knight\r\nLeyndell Knights (throughout the Altus Plateau, especially in Leyndell, Royal Capital)\r\nAn easy-to-farm Mausoleum Knight that drops this weapon can be found just outside the Black Knife Catacombs in Liurnia of the Lakes.'),(50,'Banished Knight\'s Greatsword','A finely-crafted greatsword intricately engraved with an ancient motif. Given to knights who, whether by misfortune or misdeed, were forced to abandon their homes. Most of these knights were sent to the fringes, where they were forced to start anew with only despair for company.','https://eldenring.wiki.fextralife.com/file/Elden-Ring/banished_knights_greatsword_weapon_elden_ring_wiki_guide_200px.png','SPD_GR',10.0,'Chance for it to be looted off the Banished Knight enemies that you\'ve killed. Can be farmed from the Banished Knight enemies near the Cathedral of Dragon Communion site of grace in Caelid.');
/*!40000 ALTER TABLE `armi` ENABLE KEYS */;
UNLOCK TABLES;

--
-- Table structure for table `armieffetti`
--

DROP TABLE IF EXISTS `armieffetti`;
/*!40101 SET @saved_cs_client     = @@character_set_client */;
/*!50503 SET character_set_client = utf8mb4 */;
CREATE TABLE `armieffetti` (
  `id_arma` int NOT NULL,
  `nome_effetto` varchar(50) CHARACTER SET utf8mb4 COLLATE utf8mb4_general_ci NOT NULL,
  `valore` int NOT NULL,
  PRIMARY KEY (`id_arma`,`nome_effetto`),
  KEY `nome_effetto` (`nome_effetto`),
  CONSTRAINT `armieffetti_ibfk_1` FOREIGN KEY (`id_arma`) REFERENCES `armi` (`id_arma`) ON UPDATE CASCADE,
  CONSTRAINT `armieffetti_ibfk_2` FOREIGN KEY (`nome_effetto`) REFERENCES `effettistato` (`nome`) ON UPDATE CASCADE
) ENGINE=InnoDB DEFAULT CHARSET=utf8mb4 COLLATE=utf8mb4_general_ci;
/*!40101 SET character_set_client = @saved_cs_client */;

--
-- Dumping data for table `armieffetti`
--

LOCK TABLES `armieffetti` WRITE;
/*!40000 ALTER TABLE `armieffetti` DISABLE KEYS */;
INSERT INTO `armieffetti` VALUES (6,'Blood Loss',38),(7,'Blood Loss',38),(9,'Blood Loss',38),(13,'Scarlet Rot',50),(16,'Blood Loss',50),(19,'Sleep',42),(34,'Scarlet Rot',50),(38,'Sleep',66);
/*!40000 ALTER TABLE `armieffetti` ENABLE KEYS */;
UNLOCK TABLES;

--
-- Table structure for table `attributi`
--

DROP TABLE IF EXISTS `attributi`;
/*!40101 SET @saved_cs_client     = @@character_set_client */;
/*!50503 SET character_set_client = utf8mb4 */;
CREATE TABLE `attributi` (
  `id_attributo` varchar(50) CHARACTER SET utf8mb4 COLLATE utf8mb4_general_ci NOT NULL,
  `nome` varchar(50) CHARACTER SET utf8mb4 COLLATE utf8mb4_general_ci NOT NULL,
  PRIMARY KEY (`id_attributo`),
  UNIQUE KEY `nome` (`nome`)
) ENGINE=InnoDB DEFAULT CHARSET=utf8mb4 COLLATE=utf8mb4_general_ci;
/*!40101 SET character_set_client = @saved_cs_client */;

--
-- Dumping data for table `attributi`
--

LOCK TABLES `attributi` WRITE;
/*!40000 ALTER TABLE `attributi` DISABLE KEYS */;
INSERT INTO `attributi` VALUES ('ARC','Arcane'),('DES','Dexterity'),('FED','Faith'),('INT','Intelligence'),('FOR','Strength');
/*!40000 ALTER TABLE `attributi` ENABLE KEYS */;
UNLOCK TABLES;

--
-- Table structure for table `categorie`
--

DROP TABLE IF EXISTS `categorie`;
/*!40101 SET @saved_cs_client     = @@character_set_client */;
/*!50503 SET character_set_client = utf8mb4 */;
CREATE TABLE `categorie` (
  `id_categoria` varchar(50) CHARACTER SET utf8mb4 COLLATE utf8mb4_general_ci NOT NULL,
  `nome` varchar(50) CHARACTER SET utf8mb4 COLLATE utf8mb4_general_ci NOT NULL,
  PRIMARY KEY (`id_categoria`),
  UNIQUE KEY `nome` (`nome`)
) ENGINE=InnoDB DEFAULT CHARSET=utf8mb4 COLLATE=utf8mb4_general_ci;
/*!40101 SET character_set_client = @saved_cs_client */;

--
-- Dumping data for table `categorie`
--

LOCK TABLES `categorie` WRITE;
/*!40000 ALTER TABLE `categorie` DISABLE KEYS */;
INSERT INTO `categorie` VALUES ('FRC','Arrow'),('ASC','Axe'),('LMR','Backhand Blades'),('BLS_GR','Ballista'),('ART_F','Beast Claws'),('DRD','Bolt'),('ARC','Bow'),('ART','Claws'),('SPD_CL','Colossal Sword'),('ARM_C','Colossal Weapon'),('BLS','Crossbow'),('SPD_GR_C','Curved Greatsword'),('SPD_C','Curved Sword'),('DAG','Daggers'),('PUG','Fists'),('FLG','Flail'),('BST_GL','Glinstone Stave'),('FRC_GR','Great Arrow'),('DRD_GR','Great Bolt'),('MRT_GR','Great Hammer'),('KAT_GR','Great Katana'),('LNC_GR','Great Spear'),('ASC_GR','Greataxe'),('ARC_GR','Greatbow'),('SCD_GR','Greatshield'),('SPD_GR','Greatsword'),('ALB','Halberd'),('MRT','Hammer'),('COR_COR','Hand-to-Hand Art'),('SPD_PF_P','Heavy Thrusting Sword'),('KAT','Katana'),('ARC_L','Light Bow'),('SPD_L','Light Greatsword'),('SCD_M','Medium Shield'),('BTP','Perfume Bottles'),('FLC','Reaper'),('SG_S','Sacred Seal'),('SCD_P','Small Shield'),('LNC','Spear'),('SPD','Straight Sword'),('LML','Throwing Blades'),('SCD_AF','Thrusting Shield'),('SPD_PF','Thrusting Sword'),('TRC','Torche'),('LMG','Twinblade'),('FRS','Whip');
/*!40000 ALTER TABLE `categorie` ENABLE KEYS */;
UNLOCK TABLES;

--
-- Table structure for table `effettistato`
--

DROP TABLE IF EXISTS `effettistato`;
/*!40101 SET @saved_cs_client     = @@character_set_client */;
/*!50503 SET character_set_client = utf8mb4 */;
CREATE TABLE `effettistato` (
  `nome` varchar(50) CHARACTER SET utf8mb4 COLLATE utf8mb4_general_ci NOT NULL,
  `descrizione` text CHARACTER SET utf8mb4 COLLATE utf8mb4_general_ci NOT NULL,
  `icona` text CHARACTER SET utf8mb4 COLLATE utf8mb4_general_ci NOT NULL,
  `mitigato_da` text CHARACTER SET utf8mb4 COLLATE utf8mb4_general_ci,
  `curato_da` text CHARACTER SET utf8mb4 COLLATE utf8mb4_general_ci,
  `statistica_resistente` varchar(50) CHARACTER SET utf8mb4 COLLATE utf8mb4_general_ci DEFAULT NULL,
  `note` text CHARACTER SET utf8mb4 COLLATE utf8mb4_general_ci,
  PRIMARY KEY (`nome`)
) ENGINE=InnoDB DEFAULT CHARSET=utf8mb4 COLLATE=utf8mb4_general_ci;
/*!40101 SET character_set_client = @saved_cs_client */;

--
-- Dumping data for table `effettistato`
--

LOCK TABLES `effettistato` WRITE;
/*!40000 ALTER TABLE `effettistato` DISABLE KEYS */;
INSERT INTO `effettistato` VALUES ('Blood Loss','Techniques designed to wound and exsanguinate can inflict acute Blood Loss.','../img/EffettiStato/Sanguinamento.jpg','Invigorating Cured Meat, Stalwart Horn Charm','Stanching Boluses, Bestial Constitution','Robustness','When inflicted by Blood Loss, the victim suffers instant damage based on their max HP (100 + 15%, or 200 + 15%)'),('Death Blight','Corrupted influence extracted from the Rune of Death can inflict Death Blight.','../img/EffettiStato/MorboMortale.jpg','Prince of Death\'s Pustule, Prince of Death\'s Cyst','Rejuvenating Boluses, Order Healing, Law of Regression','Vitality','When taken by Death Blight, spires of pure death rapidly grow from their dead body, killing the victim immediately. '),('Frostbite','Cold and Freezing techniques can inflict Frostbite.','../img/EffettiStato/Assideramento.jpg','Invigorating Cured Meat, Stalwart Horn Charm','Bestial Constitution, Thawfrost Boluses','Robustness','When inflicted by Frostbite, the victim suffers HP damage (30 + 10%), damage negation penalty to all sources (-20%), and slowed Stamina recovery speed. The debuff lasts 30 seconds, but can be cured prematurely by receiving Fire damage.'),('Madness','Contagious mental illness hailing from the Three Fingers and the Flame of Frenzy can inflict Madness.','../img/EffettiStato/Follia.jpg','Clarifying Cured Meat, Clarifying Horn Charm','Clarifying Boluses, Lucidity','Focus','When consumed by Madness, the victim is briefly stunned and suffers damage based on max HP (100 + 15%) and FP (30 + 10%).'),('Poison','Toxins designed to whittle and slowly sap the life from enemies can inflict Poison or Deadly Poison.','../img/EffettiStato/Veleno.jpg','Antidote, Purifying Herbs','Healing Potions, Detoxification','Constitution','When inflicted by Poison, the victim suffers from damage-over-time. The exact damage and duration varies with source of Poison.'),('Scarlet Rot','Pathogens designed to crumble the very being of its enemies and consume their flesh can inflict Scarlet Rot.','../img/EffettiStato/MarcescenzaScarlatta.jpg','Restoration Potions, Healing Spells','N/A','Constitution','When inflicted by Scarlet Rot, the victim suffers from considerable damage-over-time. The exact damage and duration varies with source of Rot.'),('Sleep','Tranquilizing agents hailing from St. Trina and its lilies can inflict its targets with drowsiness, forcing them to Sleep.','../img/EffettiStato/Sonno.jpg','Clarifying Cured Meat, Clarifying Horn Charm','Stimulating Boluses, Lucidity','Focus','When inflicted by Sleep, the victim falls asleep or briefly loses their balance. This effect can also cure mind control.');
/*!40000 ALTER TABLE `effettistato` ENABLE KEYS */;
UNLOCK TABLES;

--
-- Table structure for table `scaling`
--

DROP TABLE IF EXISTS `scaling`;
/*!40101 SET @saved_cs_client     = @@character_set_client */;
/*!50503 SET character_set_client = utf8mb4 */;
CREATE TABLE `scaling` (
  `id_arma` int NOT NULL,
  `id_attributo` varchar(50) CHARACTER SET utf8mb4 COLLATE utf8mb4_general_ci NOT NULL,
  `grado_scaling` enum('A','B','C','D','E','S') CHARACTER SET utf8mb4 COLLATE utf8mb4_general_ci DEFAULT NULL,
  `parametro` int DEFAULT NULL,
  PRIMARY KEY (`id_arma`,`id_attributo`),
  KEY `id_attributo` (`id_attributo`),
  CONSTRAINT `scaling_ibfk_1` FOREIGN KEY (`id_arma`) REFERENCES `armi` (`id_arma`) ON UPDATE CASCADE,
  CONSTRAINT `scaling_ibfk_2` FOREIGN KEY (`id_attributo`) REFERENCES `attributi` (`id_attributo`) ON UPDATE CASCADE
) ENGINE=InnoDB DEFAULT CHARSET=utf8mb4 COLLATE=utf8mb4_general_ci;
/*!40101 SET character_set_client = @saved_cs_client */;

--
-- Dumping data for table `scaling`
--

LOCK TABLES `scaling` WRITE;
/*!40000 ALTER TABLE `scaling` DISABLE KEYS */;
INSERT INTO `scaling` VALUES (1,'DES','D',13),(1,'FED','D',12),(1,'FOR','D',8),(2,'DES','C',15),(2,'FOR','D',7),(3,'DES','C',9),(3,'FOR','D',5),(4,'DES','C',14),(4,'FOR','E',5),(5,'DES','D',12),(5,'FOR','E',7),(6,'DES','D',12),(6,'FOR','E',6),(7,'DES','E',12),(7,'FOR','C',9),(8,'DES','D',12),(8,'FED','D',14),(8,'FOR','D',7),(9,'DES','D',13),(9,'FOR','D',9),(10,'DES','C',11),(10,'FOR','E',6),(11,'DES','D',11),(11,'FOR','E',6),(11,'INT','D',13),(12,'DES','D',12),(12,'FOR','D',8),(12,'INT','D',9),(13,'DES','C',12),(13,'FOR','D',6),(14,'DES','E',10),(14,'FOR','D',10),(15,'DES','D',12),(15,'FOR','E',5),(15,'INT','D',16),(16,'ARC','D',13),(16,'DES','D',13),(16,'FOR','E',5),(17,'DES','D',13),(17,'FED','D',15),(17,'FOR','D',6),(18,'DES','D',12),(18,'FED','D',18),(18,'FOR','E',8),(19,'DES','D',12),(19,'FOR','E',10),(19,'INT','E',14),(20,'DES','D',8),(20,'FOR','C',16),(21,'DES','E',11),(21,'FED','E',24),(21,'FOR','D',14),(22,'DES','E',11),(22,'FED','E',24),(22,'FOR','D',14),(23,'DES','D',10),(23,'FOR','D',8),(24,'DES','D',10),(24,'FOR','D',10),(25,'DES','E',10),(25,'FOR','D',10),(26,'DES','D',10),(26,'FOR','D',7),(27,'DES','D',10),(27,'FOR','D',10),(28,'DES','C',11),(28,'FOR','E',8),(29,'DES','D',11),(29,'FOR','E',8),(30,'DES','C',16),(30,'FOR','D',10),(31,'DES','E',9),(31,'FOR','D',8),(31,'INT','D',13),(32,'DES','D',10),(32,'FOR','D',10),(32,'INT','D',18),(33,'DES','E',10),(33,'FOR','D',13),(33,'INT','D',15),(34,'DES','E',10),(34,'FOR','D',13),(34,'INT','D',15),(35,'DES','D',11),(35,'FED','E',14),(35,'FOR','D',11),(36,'DES','D',14),(36,'FOR','E',10),(37,'DES','D',10),(37,'FED','D',14),(37,'FOR','D',12),(38,'DES','D',12),(38,'FOR','D',10),(38,'INT','E',14),(39,'ARC','D',15),(39,'DES','D',18),(39,'FOR','E',12),(40,'FED','B',20),(41,'DES','E',12),(41,'FED','D',24),(41,'FOR','E',12),(41,'INT','D',24),(42,'DES','D',14),(42,'FOR','D',12),(43,'DES','E',15),(43,'FED','D',20),(43,'FOR','D',20),(44,'DES','E',13),(44,'FOR','B',27),(45,'DES','D',10),(45,'FOR','D',15),(46,'DES','D',13),(46,'FOR','D',16),(47,'DES','E',10),(47,'FOR','C',18),(48,'DES','D',10),(48,'FOR','D',16),(49,'DES','D',12),(49,'FOR','D',16),(50,'DES','D',9),(50,'FOR','D',17);
/*!40000 ALTER TABLE `scaling` ENABLE KEYS */;
UNLOCK TABLES;

--
-- Table structure for table `statistiche`
--

DROP TABLE IF EXISTS `statistiche`;
/*!40101 SET @saved_cs_client     = @@character_set_client */;
/*!50503 SET character_set_client = utf8mb4 */;
CREATE TABLE `statistiche` (
  `id_arma` int NOT NULL,
  `id_tipo` varchar(50) CHARACTER SET utf8mb4 COLLATE utf8mb4_general_ci NOT NULL,
  `valore` int NOT NULL,
  `tipologia` enum('ATT','DEF') CHARACTER SET utf8mb4 COLLATE utf8mb4_general_ci NOT NULL,
  PRIMARY KEY (`id_arma`,`id_tipo`,`tipologia`),
  KEY `id_tipo` (`id_tipo`),
  CONSTRAINT `statistiche_ibfk_1` FOREIGN KEY (`id_arma`) REFERENCES `armi` (`id_arma`) ON UPDATE CASCADE,
  CONSTRAINT `statistiche_ibfk_2` FOREIGN KEY (`id_tipo`) REFERENCES `tipistatistiche` (`id_tipo`) ON UPDATE CASCADE
) ENGINE=InnoDB DEFAULT CHARSET=utf8mb4 COLLATE=utf8mb4_general_ci;
/*!40101 SET character_set_client = @saved_cs_client */;

--
-- Dumping data for table `statistiche`
--

LOCK TABLES `statistiche` WRITE;
/*!40000 ALTER TABLE `statistiche` DISABLE KEYS */;
INSERT INTO `statistiche` VALUES (1,'BST',15,'DEF'),(1,'CRT',110,'ATT'),(1,'FIS',75,'ATT'),(1,'FIS',32,'DEF'),(1,'FUL',18,'DEF'),(1,'FUO',22,'ATT'),(1,'FUO',31,'DEF'),(1,'MAG',18,'DEF'),(1,'SAC',18,'DEF'),(2,'BST',16,'DEF'),(2,'CRT',110,'ATT'),(2,'FIS',79,'ATT'),(2,'FIS',38,'DEF'),(2,'FUL',22,'DEF'),(2,'FUO',22,'DEF'),(2,'MAG',22,'DEF'),(2,'SAC',22,'DEF'),(3,'BST',15,'DEF'),(3,'CRT',130,'ATT'),(3,'FIS',74,'ATT'),(3,'FIS',35,'DEF'),(3,'FUL',20,'DEF'),(3,'FUO',20,'DEF'),(3,'MAG',20,'DEF'),(3,'SAC',20,'DEF'),(4,'BST',15,'DEF'),(4,'CRT',110,'ATT'),(4,'FIS',75,'ATT'),(4,'FIS',35,'DEF'),(4,'FUL',20,'DEF'),(4,'FUO',20,'DEF'),(4,'MAG',20,'DEF'),(4,'SAC',20,'DEF'),(5,'BST',15,'DEF'),(5,'CRT',140,'ATT'),(5,'FIS',92,'ATT'),(5,'FIS',36,'DEF'),(5,'FUL',21,'DEF'),(5,'FUO',21,'DEF'),(5,'MAG',21,'DEF'),(5,'SAC',21,'DEF'),(6,'BST',15,'DEF'),(6,'CRT',110,'ATT'),(6,'FIS',75,'ATT'),(6,'FIS',35,'DEF'),(6,'FUL',20,'DEF'),(6,'FUO',20,'DEF'),(6,'MAG',20,'DEF'),(6,'SAC',20,'DEF'),(7,'BST',15,'DEF'),(7,'CRT',110,'ATT'),(7,'FIS',81,'ATT'),(7,'FIS',36,'DEF'),(7,'FUL',21,'DEF'),(7,'FUO',21,'DEF'),(7,'MAG',21,'DEF'),(7,'SAC',21,'DEF'),(8,'BST',15,'DEF'),(8,'CRT',110,'ATT'),(8,'FIS',67,'ATT'),(8,'FIS',36,'DEF'),(8,'FUL',21,'DEF'),(8,'FUO',21,'DEF'),(8,'MAG',21,'DEF'),(8,'SAC',21,'DEF'),(9,'BST',18,'DEF'),(9,'CRT',100,'ATT'),(9,'FIS',94,'ATT'),(9,'FIS',42,'DEF'),(9,'FUL',24,'DEF'),(9,'FUO',24,'DEF'),(9,'MAG',24,'DEF'),(9,'SAC',24,'DEF'),(10,'BST',15,'DEF'),(10,'CRT',100,'ATT'),(10,'FIS',79,'ATT'),(10,'FIS',35,'DEF'),(10,'FUL',20,'DEF'),(10,'FUO',20,'DEF'),(10,'MAG',20,'DEF'),(10,'SAC',20,'DEF'),(11,'BST',15,'DEF'),(11,'CRT',100,'ATT'),(11,'FIS',60,'ATT'),(11,'FIS',26,'DEF'),(11,'FUL',15,'DEF'),(11,'FUO',15,'DEF'),(11,'MAG',60,'ATT'),(11,'MAG',42,'DEF'),(11,'SAC',15,'DEF'),(12,'BST',15,'DEF'),(12,'CRT',100,'ATT'),(12,'FIS',82,'ATT'),(12,'FIS',32,'DEF'),(12,'FUL',18,'DEF'),(12,'FUO',18,'DEF'),(12,'MAG',53,'ATT'),(12,'MAG',31,'DEF'),(12,'SAC',18,'DEF'),(13,'BST',16,'DEF'),(13,'CRT',110,'ATT'),(13,'FIS',79,'ATT'),(13,'FIS',38,'DEF'),(13,'FUL',22,'DEF'),(13,'FUO',22,'DEF'),(13,'MAG',22,'DEF'),(13,'SAC',22,'DEF'),(14,'BST',18,'DEF'),(14,'CRT',100,'ATT'),(14,'FIS',98,'ATT'),(14,'FIS',43,'DEF'),(14,'FUL',25,'DEF'),(14,'FUO',25,'DEF'),(14,'MAG',25,'DEF'),(14,'SAC',25,'DEF'),(15,'BST',15,'DEF'),(15,'CRT',110,'ATT'),(15,'FIS',57,'ATT'),(15,'FIS',23,'DEF'),(15,'FUL',14,'DEF'),(15,'FUO',14,'DEF'),(15,'MAG',68,'ATT'),(15,'MAG',45,'DEF'),(15,'SAC',14,'DEF'),(16,'BST',16,'DEF'),(16,'CRT',110,'ATT'),(16,'FIS',79,'ATT'),(16,'FIS',38,'DEF'),(16,'FUL',22,'DEF'),(16,'FUO',22,'DEF'),(16,'MAG',22,'DEF'),(16,'SAC',22,'DEF'),(17,'BST',15,'DEF'),(17,'CRT',110,'ATT'),(17,'FIS',71,'ATT'),(17,'FIS',31,'DEF'),(17,'FUL',18,'DEF'),(17,'FUO',18,'DEF'),(17,'MAG',18,'DEF'),(17,'SAC',43,'ATT'),(17,'SAC',30,'DEF'),(18,'BST',15,'DEF'),(18,'CRT',110,'ATT'),(18,'FIS',66,'ATT'),(18,'FIS',26,'DEF'),(18,'FUL',15,'DEF'),(18,'FUO',15,'DEF'),(18,'MAG',15,'DEF'),(18,'SAC',65,'ATT'),(18,'SAC',42,'DEF'),(19,'BST',27,'DEF'),(19,'CRT',110,'ATT'),(19,'FIS',95,'ATT'),(19,'FIS',37,'DEF'),(19,'FUL',25,'DEF'),(19,'FUO',25,'DEF'),(19,'MAG',61,'ATT'),(19,'MAG',37,'DEF'),(19,'SAC',25,'DEF'),(20,'BST',32,'DEF'),(20,'CRT',100,'ATT'),(20,'FIS',119,'ATT'),(20,'FIS',54,'DEF'),(20,'FUL',33,'DEF'),(20,'FUO',33,'DEF'),(20,'MAG',33,'DEF'),(20,'SAC',33,'DEF'),(21,'BST',31,'DEF'),(21,'CRT',100,'ATT'),(21,'FIS',93,'ATT'),(21,'FIS',26,'DEF'),(21,'FUL',15,'DEF'),(21,'FUO',15,'DEF'),(21,'MAG',15,'DEF'),(21,'SAC',93,'ATT'),(21,'SAC',42,'DEF'),(22,'BST',31,'DEF'),(22,'CRT',100,'ATT'),(22,'FIS',93,'ATT'),(22,'FIS',25,'DEF'),(22,'FUL',15,'DEF'),(22,'FUO',15,'DEF'),(22,'MAG',15,'DEF'),(22,'SAC',93,'ATT'),(22,'SAC',42,'DEF'),(23,'BST',28,'DEF'),(23,'CRT',100,'ATT'),(23,'FIS',102,'ATT'),(23,'FIS',42,'DEF'),(23,'FUL',28,'DEF'),(23,'FUO',28,'DEF'),(23,'MAG',28,'DEF'),(23,'SAC',28,'DEF'),(24,'BST',30,'DEF'),(24,'CRT',100,'ATT'),(24,'FIS',110,'ATT'),(24,'FIS',45,'DEF'),(24,'FUL',30,'DEF'),(24,'FUO',30,'DEF'),(24,'MAG',30,'DEF'),(24,'SAC',30,'DEF'),(25,'BST',31,'DEF'),(25,'CRT',100,'ATT'),(25,'FIS',117,'ATT'),(25,'FIS',47,'DEF'),(25,'FUL',31,'DEF'),(25,'FUO',31,'DEF'),(25,'MAG',31,'DEF'),(25,'SAC',31,'DEF'),(26,'BST',27,'DEF'),(26,'CRT',100,'ATT'),(26,'FIS',103,'ATT'),(26,'FIS',43,'DEF'),(26,'FUL',29,'DEF'),(26,'FUO',29,'DEF'),(26,'MAG',29,'DEF'),(26,'SAC',29,'DEF'),(27,'BST',30,'DEF'),(27,'CRT',110,'ATT'),(27,'FIS',115,'ATT'),(27,'FIS',45,'DEF'),(27,'FUL',30,'DEF'),(27,'FUO',30,'DEF'),(27,'MAG',30,'DEF'),(27,'SAC',30,'DEF'),(28,'BST',30,'DEF'),(28,'CRT',100,'ATT'),(28,'FIS',101,'ATT'),(28,'FIS',43,'DEF'),(28,'FUL',29,'DEF'),(28,'FUO',29,'DEF'),(28,'MAG',29,'DEF'),(28,'SAC',29,'DEF'),(29,'BST',27,'DEF'),(29,'CRT',100,'ATT'),(29,'FIS',96,'ATT'),(29,'FIS',41,'DEF'),(29,'FUL',27,'DEF'),(29,'FUO',27,'DEF'),(29,'MAG',27,'DEF'),(29,'SAC',27,'DEF'),(30,'BST',30,'DEF'),(30,'CRT',100,'ATT'),(30,'FIS',101,'ATT'),(30,'FIS',42,'DEF'),(30,'FUL',28,'DEF'),(30,'FUO',28,'DEF'),(30,'MAG',28,'DEF'),(30,'SAC',28,'DEF'),(31,'BST',30,'DEF'),(31,'CRT',100,'ATT'),(31,'FIS',79,'ATT'),(31,'FIS',30,'DEF'),(31,'FUL',25,'DEF'),(31,'FUO',25,'DEF'),(31,'MAG',94,'ATT'),(31,'MAG',55,'DEF'),(31,'SAC',25,'DEF'),(32,'BST',31,'DEF'),(32,'CRT',100,'ATT'),(32,'FIS',88,'ATT'),(32,'FIS',36,'DEF'),(32,'FUL',26,'DEF'),(32,'FUO',26,'DEF'),(32,'MAG',88,'ATT'),(32,'MAG',52,'DEF'),(32,'SAC',26,'DEF'),(33,'BST',33,'DEF'),(33,'CRT',100,'ATT'),(33,'FIS',106,'ATT'),(33,'FIS',44,'DEF'),(33,'FUL',30,'DEF'),(33,'FUO',30,'DEF'),(33,'MAG',68,'ATT'),(33,'MAG',44,'DEF'),(33,'SAC',30,'DEF'),(34,'BST',33,'DEF'),(34,'CRT',100,'ATT'),(34,'FIS',102,'ATT'),(34,'FIS',48,'DEF'),(34,'FUL',31,'DEF'),(34,'FUO',31,'DEF'),(34,'MAG',66,'ATT'),(34,'MAG',38,'DEF'),(34,'SAC',31,'DEF'),(35,'BST',30,'DEF'),(35,'CRT',100,'ATT'),(35,'FIS',105,'ATT'),(35,'FIS',40,'DEF'),(35,'FUL',28,'DEF'),(35,'FUO',28,'DEF'),(35,'MAG',28,'DEF'),(35,'SAC',68,'ATT'),(35,'SAC',40,'DEF'),(36,'BST',28,'DEF'),(36,'CRT',110,'ATT'),(36,'FIS',101,'ATT'),(36,'FIS',42,'DEF'),(36,'FUL',28,'DEF'),(36,'FUO',28,'DEF'),(36,'MAG',28,'DEF'),(36,'SAC',28,'DEF'),(37,'BST',30,'DEF'),(37,'CRT',100,'ATT'),(37,'FIS',85,'ATT'),(37,'FIS',25,'DEF'),(37,'FUL',15,'DEF'),(37,'FUO',15,'DEF'),(37,'MAG',15,'DEF'),(37,'SAC',85,'ATT'),(37,'SAC',40,'DEF'),(38,'BST',28,'DEF'),(38,'CRT',100,'ATT'),(38,'FIS',107,'ATT'),(38,'FIS',39,'DEF'),(38,'FUL',27,'DEF'),(38,'FUO',27,'DEF'),(38,'MAG',32,'ATT'),(38,'MAG',33,'DEF'),(38,'SAC',27,'DEF'),(39,'BST',33,'DEF'),(39,'CRT',100,'ATT'),(39,'FIS',89,'ATT'),(39,'FIS',48,'DEF'),(39,'FUL',31,'DEF'),(39,'FUO',31,'DEF'),(39,'MAG',57,'ATT'),(39,'MAG',40,'DEF'),(39,'SAC',31,'DEF'),(40,'BST',27,'DEF'),(40,'CRT',100,'ATT'),(40,'FIS',13,'DEF'),(40,'FUL',22,'DEF'),(40,'FUO',22,'DEF'),(40,'MAG',22,'DEF'),(40,'SAC',85,'ATT'),(40,'SAC',58,'DEF'),(41,'BST',31,'DEF'),(41,'CRT',100,'ATT'),(41,'FIS',87,'ATT'),(41,'FIS',36,'DEF'),(41,'FUL',26,'DEF'),(41,'FUO',56,'ATT'),(41,'FUO',42,'DEF'),(41,'MAG',56,'ATT'),(41,'MAG',42,'DEF'),(41,'SAC',26,'DEF'),(42,'BST',43,'DEF'),(42,'CRT',100,'ATT'),(42,'FIS',140,'ATT'),(42,'FIS',66,'DEF'),(42,'FUL',35,'DEF'),(42,'FUO',35,'DEF'),(42,'MAG',35,'DEF'),(42,'SAC',35,'DEF'),(43,'BST',39,'DEF'),(43,'CRT',100,'ATT'),(43,'FIS',123,'ATT'),(43,'FIS',58,'DEF'),(43,'FUL',31,'DEF'),(43,'FUO',31,'DEF'),(43,'MAG',31,'DEF'),(43,'SAC',79,'ATT'),(43,'SAC',42,'DEF'),(44,'BST',53,'DEF'),(44,'CRT',100,'ATT'),(44,'FIS',120,'ATT'),(44,'FIS',89,'DEF'),(44,'FUL',40,'DEF'),(44,'FUO',40,'DEF'),(44,'MAG',40,'DEF'),(44,'SAC',40,'DEF'),(45,'BST',42,'DEF'),(45,'CRT',100,'ATT'),(45,'FIS',138,'ATT'),(45,'FIS',65,'DEF'),(45,'FUL',35,'DEF'),(45,'FUO',35,'DEF'),(45,'MAG',35,'DEF'),(45,'SAC',35,'DEF'),(46,'BST',42,'DEF'),(46,'CRT',100,'ATT'),(46,'FIS',138,'ATT'),(46,'FIS',65,'DEF'),(46,'FUL',35,'DEF'),(46,'FUO',35,'DEF'),(46,'MAG',35,'DEF'),(46,'SAC',35,'DEF'),(47,'BST',47,'DEF'),(47,'CRT',100,'ATT'),(47,'FIS',149,'ATT'),(47,'FIS',73,'DEF'),(47,'FUL',39,'DEF'),(47,'FUO',39,'DEF'),(47,'MAG',39,'DEF'),(47,'SAC',39,'DEF'),(48,'BST',42,'DEF'),(48,'CRT',110,'ATT'),(48,'FIS',136,'ATT'),(48,'FIS',65,'DEF'),(48,'FUL',35,'DEF'),(48,'FUO',35,'DEF'),(48,'MAG',35,'DEF'),(48,'SAC',35,'DEF'),(49,'BST',44,'DEF'),(49,'CRT',100,'ATT'),(49,'FIS',141,'ATT'),(49,'FIS',68,'DEF'),(49,'FUL',36,'DEF'),(49,'FUO',36,'DEF'),(49,'MAG',36,'DEF'),(49,'SAC',36,'DEF'),(50,'BST',44,'DEF'),(50,'CRT',100,'ATT'),(50,'FIS',142,'ATT'),(50,'FIS',68,'DEF'),(50,'FUL',36,'DEF'),(50,'FUO',36,'DEF'),(50,'MAG',36,'DEF'),(50,'SAC',36,'DEF');
/*!40000 ALTER TABLE `statistiche` ENABLE KEYS */;
UNLOCK TABLES;

--
-- Table structure for table `tipistatistiche`
--

DROP TABLE IF EXISTS `tipistatistiche`;
/*!40101 SET @saved_cs_client     = @@character_set_client */;
/*!50503 SET character_set_client = utf8mb4 */;
CREATE TABLE `tipistatistiche` (
  `id_tipo` varchar(50) CHARACTER SET utf8mb4 COLLATE utf8mb4_general_ci NOT NULL,
  `nome` varchar(50) CHARACTER SET utf8mb4 COLLATE utf8mb4_general_ci NOT NULL,
  PRIMARY KEY (`id_tipo`),
  UNIQUE KEY `nome` (`nome`)
) ENGINE=InnoDB DEFAULT CHARSET=utf8mb4 COLLATE=utf8mb4_general_ci;
/*!40101 SET character_set_client = @saved_cs_client */;

--
-- Dumping data for table `tipistatistiche`
--

LOCK TABLES `tipistatistiche` WRITE;
/*!40000 ALTER TABLE `tipistatistiche` DISABLE KEYS */;
INSERT INTO `tipistatistiche` VALUES ('BST','Boost'),('CRT','Critical'),('FUO','Fire'),('FUL','Lightning'),('MAG','Magic'),('FIS','Physical'),('SAC','Sacred');
/*!40000 ALTER TABLE `tipistatistiche` ENABLE KEYS */;
UNLOCK TABLES;

--
-- Table structure for table `utenti`
--

DROP TABLE IF EXISTS `utenti`;
/*!40101 SET @saved_cs_client     = @@character_set_client */;
/*!50503 SET character_set_client = utf8mb4 */;
CREATE TABLE `utenti` (
  `Email` varchar(254) CHARACTER SET utf8mb4 COLLATE utf8mb4_general_ci NOT NULL,
  `Nickname` varchar(20) CHARACTER SET utf8mb4 COLLATE utf8mb4_general_ci NOT NULL,
  `Sesso` enum('M','F') CHARACTER SET utf8mb4 COLLATE utf8mb4_general_ci DEFAULT 'M',
  `Password` text CHARACTER SET utf8mb4 COLLATE utf8mb4_general_ci NOT NULL,
  `ProfilePicture` text CHARACTER SET utf8mb4 COLLATE utf8mb4_general_ci NOT NULL,
  `isAdmin` tinyint(1) DEFAULT '0',
  `dataRegistrazione` date NOT NULL,
  PRIMARY KEY (`Email`),
  UNIQUE KEY `Nickname` (`Nickname`)
) ENGINE=InnoDB DEFAULT CHARSET=utf8mb4 COLLATE=utf8mb4_general_ci;
/*!40101 SET character_set_client = @saved_cs_client */;

--
-- Dumping data for table `utenti`
--

LOCK TABLES `utenti` WRITE;
/*!40000 ALTER TABLE `utenti` DISABLE KEYS */;
INSERT INTO `utenti` VALUES ('danielemorandi13@gmail.com','QuestioneDiKarma','M','$2y$10$bho/J.L2wG2fBdiK7f3XLeJVMHfrT4mtBealbdQ/p63ayVa6N9oWu','/img/Profile.png',1,'2025-02-20'),('gian@gmail.com','gdf','M','$2y$10$Hf/dXYW4r6Wuk9o0IA9zD.0AWDbZH4ccJE4ripFYZzVuEpKsCNeea','/img/Profile.png',1,'2025-02-19'),('gimmy@staiacasa.com','Gimmy','M','$2y$10$wsVusrzztg4eAalwNeSBTOqYyRYn6FUxACfnii4yp9Yca2hq9lQty','/img/Profile.png',1,'2025-02-18'),('palle@darksouls.jp','franzoTurate','F','$2y$10$I.eU18A5cv.X1WhA9pfimeCfZ1zzhaY52REgLqrwkrIftzw5S4AmK','/img/Profile.png',0,'2025-02-19'),('poggi.michele@gmail.com','SabakunoMaiku','M','$2y$10$Bgtt6hIqM8PG0cmipZbmo.Y9XrbiFPwCH.xxoi4/49WFegCcNEbGG','/img/Profile.png',1,'2025-02-19'),('root@gmail.com','Root','M','$2y$10$eRSkBYLENPOGi9Drx34B8.3T6IYak46Y5FJny.SZXUPz7TKmYrWvi','/img/Profile.png',1,'2025-01-26'),('tedescoluca@mail.it','luca','M','$2y$10$5WqjyXHj5XFRYh0k8WgHZOWJ.MrskXkx.moeW1GkrV3sf3zbeh4Te','/img/Profile.png',1,'2025-02-19');
/*!40000 ALTER TABLE `utenti` ENABLE KEYS */;
UNLOCK TABLES;

--
-- Temporary view structure for view `viewarmi`
--

DROP TABLE IF EXISTS `viewarmi`;
/*!50001 DROP VIEW IF EXISTS `viewarmi`*/;
SET @saved_cs_client     = @@character_set_client;
/*!50503 SET character_set_client = utf8mb4 */;
/*!50001 CREATE VIEW `viewarmi` AS SELECT 
 1 AS `id`,
 1 AS `nome_arma`,
 1 AS `descrizione`,
 1 AS `immagine`,
 1 AS `peso`,
 1 AS `ottenimento`,
 1 AS `categoria`,
 1 AS `attacco`,
 1 AS `difesa`,
 1 AS `scaling`,
 1 AS `requisiti`,
 1 AS `effetto_passivo`*/;
SET character_set_client = @saved_cs_client;

--
-- Final view structure for view `viewarmi`
--

/*!50001 DROP VIEW IF EXISTS `viewarmi`*/;
/*!50001 SET @saved_cs_client          = @@character_set_client */;
/*!50001 SET @saved_cs_results         = @@character_set_results */;
/*!50001 SET @saved_col_connection     = @@collation_connection */;
/*!50001 SET character_set_client      = utf8mb4 */;
/*!50001 SET character_set_results     = utf8mb4 */;
/*!50001 SET collation_connection      = utf8mb4_0900_ai_ci */;
/*!50001 CREATE ALGORITHM=UNDEFINED */
/*!50013 DEFINER=`root`@`localhost` SQL SECURITY DEFINER */
/*!50001 VIEW `viewarmi` AS select `a`.`id_arma` AS `id`,`a`.`nome` AS `nome_arma`,`a`.`descrizione` AS `descrizione`,`a`.`immagine` AS `immagine`,`a`.`peso` AS `peso`,`a`.`ottenimento` AS `ottenimento`,`c`.`nome` AS `categoria`,group_concat(distinct concat(`t`.`nome`,' ',ifnull(`s`.`valore`,0)) order by field(`t`.`nome`,'Fisico','Magico','Fuoco','Fulmine','Sacro','Critico') ASC separator ',') AS `attacco`,group_concat(distinct concat(`t2`.`nome`,' ',ifnull(`d`.`valore`,0)) order by field(`t2`.`nome`,'Fisico','Magico','Fuoco','Fulmine','Sacro','Critico','Boost') ASC separator ',') AS `difesa`,group_concat(distinct concat(`at`.`nome`,' ',ifnull(`sc`.`grado_scaling`,'-')) order by field(`at`.`nome`,'Forza','Destrezza','Intelligenza','Fede','Arcano') ASC separator ',') AS `scaling`,group_concat(distinct concat(`at`.`nome`,' ',ifnull(`sc`.`parametro`,0)) order by field(`at`.`nome`,'Forza','Destrezza','Intelligenza','Fede','Arcano') ASC separator ',') AS `requisiti`,group_concat(distinct concat(`ef`.`icona`,'<br>',`e`.`nome_effetto`) separator ',') AS `effetto_passivo` from (((((((((`armi` `a` join `categorie` `c` on((`a`.`id_categoria` = `c`.`id_categoria`))) left join `statistiche` `s` on(((`a`.`id_arma` = `s`.`id_arma`) and (`s`.`tipologia` = 'ATT')))) left join `tipistatistiche` `t` on((`s`.`id_tipo` = `t`.`id_tipo`))) left join `statistiche` `d` on(((`a`.`id_arma` = `d`.`id_arma`) and (`d`.`tipologia` = 'DEF')))) left join `tipistatistiche` `t2` on((`d`.`id_tipo` = `t2`.`id_tipo`))) left join `scaling` `sc` on((`a`.`id_arma` = `sc`.`id_arma`))) left join `attributi` `at` on((`sc`.`id_attributo` = `at`.`id_attributo`))) left join `armieffetti` `e` on((`a`.`id_arma` = `e`.`id_arma`))) left join `effettistato` `ef` on((`e`.`nome_effetto` = `ef`.`nome`))) group by `a`.`id_arma`,`a`.`nome`,`a`.`descrizione`,`a`.`immagine`,`a`.`peso`,`a`.`ottenimento`,`c`.`nome` */;
/*!50001 SET character_set_client      = @saved_cs_client */;
/*!50001 SET character_set_results     = @saved_cs_results */;
/*!50001 SET collation_connection      = @saved_col_connection */;
/*!40103 SET TIME_ZONE=@OLD_TIME_ZONE */;

/*!40101 SET SQL_MODE=@OLD_SQL_MODE */;
/*!40014 SET FOREIGN_KEY_CHECKS=@OLD_FOREIGN_KEY_CHECKS */;
/*!40014 SET UNIQUE_CHECKS=@OLD_UNIQUE_CHECKS */;
/*!40101 SET CHARACTER_SET_CLIENT=@OLD_CHARACTER_SET_CLIENT */;
/*!40101 SET CHARACTER_SET_RESULTS=@OLD_CHARACTER_SET_RESULTS */;
/*!40101 SET COLLATION_CONNECTION=@OLD_COLLATION_CONNECTION */;
/*!40111 SET SQL_NOTES=@OLD_SQL_NOTES */;

-- Dump completed on 2025-02-20 23:20:46
